data_type,n,false_positive_rate_target,size_bits,num_hashes,memory_bytes,insert_time_seconds,positive_search_time_seconds,negative_search_time_seconds,insert_time_per_item,positive_search_time_per_item,negative_search_time_per_item
words,1000,0.01,9586,7,1199,0.004236741006025113,0.004505304008489475,0.003915940993465483,4.236741006025113e-06,4.505304008489475e-06,3.9159409934654836e-06
words,5000,0.01,47926,7,5991,0.021225719989161007,0.022556957992492244,0.01938779499323573,4.245143997832201e-06,4.511391598498448e-06,3.8775589986471455e-06
words,10000,0.01,95851,7,11982,0.04235497899935581,0.04503435800143052,0.03931806499895174,4.2354978999355805e-06,4.503435800143052e-06,3.931806499895174e-06
words,25000,0.01,239627,7,29954,0.10515600800863467,0.11294923699460924,0.09923448201152496,4.206240320345387e-06,4.517969479784369e-06,3.969379280460998e-06
words,50000,0.01,479253,7,59907,0.21060412800579797,0.22533286199904978,0.19711567099147942,4.21208256011596e-06,4.506657239980995e-06,3.942313419829588e-06
words,100000,0.01,958506,7,119814,0.42011965399433393,0.45068441100011114,0.39327650000632275,4.20119653994334e-06,4.506844110001111e-06,3.9327650000632276e-06
words,250000,0.01,2396265,7,299534,1.049772482001572,1.1059214560082182,0.9714646009961143,4.199089928006288e-06,4.423685824032873e-06,3.885858403984458e-06
words,500000,0.01,4792530,7,599067,2.0954988209996372,2.2090407380019315,1.9409932239941554,4.190997641999275e-06,4.418081476003863e-06,3.881986447988311e-06
words,1000000,0.01,9585059,7,1198133,4.215929963000235,4.438838499001577,3.9012609199999133,4.215929963000235e-06,4.438838499001577e-06,3.9012609199999135e-06
